Hardcore,Casual
0,0
0,0
11.7822777338625,7.0121160891017
16.4532272978192,8.98805857820858
18.3033467127984,9.61685585652091
19.6237925654958,9.42573207442381
19.6909234526478,7.74486305755489
18.4022645884887,4.89893139554729
16.4613455945291,1.52912988297937
14.3607987499882,-2.48595070271905
14.4434635267879,-3.69595147220352
13.1396786346186,-5.67175892361009
10.7548873716499,-9.18256780807281
7.48730879419929,-13.3773661660466
3.70942837832567,-17.7924181923998
0.321511675326175,-22.5038944425909
-3.51991539988353,-27.4580229467286
-4.79171432559275,-29.2400750730364
-6.68797002476804,-31.815962532809
-9.65815489248064,-35.6768325220954
-13.3594469612821,-39.8930915748568
-16.9905925806076,-44.7472082900272
-21.4001754596652,-49.8454188907196
-26.0968525013361,-55.1071756892349
-27.476604330587,-57.1211298525714
-29.4452316970843,-59.8998443175303
-32.8489881485014,-63.91952602538
-36.7875357554715,-68.6031489249845
-41.4773017947012,-73.6060738634429
-46.341434436167,-78.7934333664292
-50.6515105913742,-84.1103697597799
-52.0653326233687,-86.3545958366971
-54.6946855727238,-89.2409555172278
-52.7434724297189,-91.5274373494492
-52.5132299418044,-94.6646064321434
-53.7942175831184,-98.0387397666631
-55.4952645319321,-101.928052648926
-57.9457544662948,-106.087105159849
-57.377832318872,-106.950328262603
-58.5561162450445,-108.839368461352
-60.3864765071553,-112.195277228831
-63.5337725029427,-116.224947536318
-66.7383854417859,-120.654203320058
-69.7453021653016,-125.388216117441
-73.2572192604128,-130.171126452036
-74.3481825992484,-131.708611038642
-76.0391795817487,-134.301726197076
-78.9161102274527,-137.923970886086
-82.5017380621278,-142.332713047024
-86.4349734894131,-147.140889435065
-90.6928945002124,-151.972778230704
-95.2581690323027,-156.916479776031
-96.4214215326518,-158.737196304464
-98.6385963133979,-161.615423351666
-101.758031883189,-165.593190573187
-105.744862401941,-170.176979206897
-110.019790877891,-175.136638379086
-114.025416224642,-180.203002759624
-118.86973805087,-185.408062085227
-122.888881470756,-190.229605662943
-126.989285004025,-195.031478201102
-130.771931692204,-199.968051185631
-134.954747205001,-204.871695931277
-139.23261283394,-209.943950621008
-140.528906663262,-214.828259585724
-140.966410403527,-219.406343667709
-141.584014788905,-223.543639310201
-143.081957373789,-227.638362747959
-144.395604174618,-231.758232424831
-146.398248243357,-235.631224150015
-148.97816150036,-239.828502802661
-151.809771975114,-243.794515880532
-155.157536495321,-248.195525095714
-157.719402703123,-252.519556123123
-160.434489298973,-256.687789337398
-163.365784985487,-260.861571803094
-166.714855048466,-265.13134425092
-170.260823693071,-269.460607056833
-173.885184151904,-273.971450920693
-177.457068676123,-278.706703346166
-181.16011297924,-283.367431349126
-184.325296018579,-287.951253097475
-187.974250622381,-292.735849342571
-192.025413344369,-297.592886201359
-195.867201979316,-302.29698426538
-200.319315324208,-307.156470222652
-204.540746346905,-312.009080202291
-209.233133127668,-316.762851793537
-213.21059020883,-321.539504068047
-217.50608108833,-326.426292278721
-221.623017698986,-331.350297127428
-225.895800634683,-336.450595279872
-230.284416378306,-341.565552243299
-234.567885421157,-346.615978593078
-238.883160952781,-351.744336475891
-241.2223951424,-356.684927741645
-242.027161455215,-361.403926488376
-242.522197064197,-366.350682413243
-243.94172590376,-371.057197552622
-245.465888987124,-375.446056714184
-247.234191168144,-379.937771851772
-249.360723933716,-384.19677596337
-251.475182481736,-388.514833263787
-253.992357972702,-392.846378912997
-256.800823507885,-397.11646645784
-259.530159757776,-401.149623475457
-262.943635279897,-405.241040105057
-266.72574032079,-409.523413952925
-269.993848953038,-413.813805042336
-273.581107318323,-418.21910905258
-276.917948499626,-422.526560991982
-280.772128109873,-427.017914281764
-284.368857645359,-431.730222634743
-287.861440478932,-436.261933988673
-291.34707016898,-441.147203744871
-294.995346038403,-445.765957597393
-299.013752594264,-450.495005398123
-302.779934218931,-455.246222549606
-306.970698845608,-460.190346794267
-310.71455939607,-465.173652532303
-314.636040260651,-470.024019570839
-319.148778177173,-474.894567007032
-323.383272767058,-479.972319969877
-327.432501486033,-484.987101039121
-331.355733446404,-489.976303376809
-334.74261081833,-495.148314908366
-337.565843215494,-500.126540392261
-339.455604371248,-505.151993761477
-340.028143178436,-510.070060143704
-340.409462578695,-514.960518308554
-341.221109727848,-519.809444444046
-343.181620635418,-524.65997540299
-344.842016036463,-529.362540506326
-347.436827878152,-534.063249591436
-349.752518259021,-538.71399148134
-352.33089482203,-542.975463685474
-355.099174172053,-547.216466052945
-357.81779931959,-551.39574055898
-360.520861522321,-555.781986028059
-364.283525479596,-560.178910965245
-367.442637728313,-564.663337205109
-371.065897310437,-569.305970276006
-375.422305426493,-573.695274387705
-379.584629832515,-578.115536802546
-383.257704097976,-582.675826523989
-387.044718874582,-587.199492436748
-390.826756389253,-591.866248300549
-394.69257937464,-596.622622031798
-398.725202160222,-601.396583205069
-402.839274211136,-606.049511795425
-406.895857251814,-610.724360381281
-410.961177787581,-615.624201592024
-414.86766411348,-620.170495989009
-418.947295987263,-625.133964542839
-423.424517202847,-630.036905353848
-427.607658740567,-634.914860665577
-431.754757633336,-639.836678320491
-435.477800190498,-644.811103654298
-438.595769412,-649.856331007737
-440.15922720123,-654.836543589115
-441.333040387747,-659.842329644261
-441.908606481443,-664.81166924791
-443.277269842054,-669.712509870753
-445.116678545337,-674.777999757654
-447.209493178978,-679.852440979174
-449.594905787459,-684.833215024268
-451.989134263158,-689.481775609536
-454.650407955246,-694.1561766743
-457.563663153374,-698.881344846462
-460.830337426975,-703.632621660066
-464.337159389516,-708.083496991867
-467.719495019249,-712.55924838751
-471.097152036434,-717.234770631287
-474.862259555703,-721.704778013589
-478.709042413497,-726.155386571763
-482.607894970029,-730.6040359784
-485.865134377197,-735.031791680232
-489.752966502444,-739.417138416682
-493.756091183501,-743.997589931396
-497.871753135898,-748.673053115516
-501.963040256859,-753.274860129334
-505.62699443823,-758.083363235602
-509.536681395265,-762.960772442009
-513.654080314702,-767.857472162264
-517.907712340598,-772.710794226414
-522.219457871791,-777.439650744913
-526.615358362597,-782.132918564576
-531.158587552722,-786.955396823134
-534.47051061143,-791.816823305643
-537.47634773336,-796.74704398223
-539.816863628902,-801.569757746799
-541.735754231362,-806.611948978939
-543.095345670573,-811.558035941126
-545.150158292346,-816.5799767479
-547.040903752025,-821.563233384195
-549.041587433874,-826.417388468147
-551.603810018074,-831.406333737024
-553.496176074873,-836.29046423414
-555.942764248135,-841.256304102553
-558.638208086923,-846.132747620963
-561.227601399178,-850.901163228148
-564.807067994756,-855.731934328642
-568.492819529327,-860.424227420805
-572.211154511236,-865.23574347001
-575.748912557486,-869.769462085304
-579.318879385665,-874.385079141479
-582.821524046685,-879.075765406309
-586.866063543841,-883.791669476644
-590.798157281875,-888.459706969678
-594.666412888852,-892.865451554102
-598.676259519428,-897.595294783244
-602.558998075314,-902.28284791324
-606.395545468799,-906.789204187382
-610.199230268677,-911.527029209797
-614.118554906253,-916.373501262426
-618.279145648692,-921.059264228821
-622.460848506276,-925.87197514092
-626.859396774451,-930.709814146936
-630.693335313482,-935.464756003582
-634.479404235245,-940.038842455416
-637.742520378563,-944.775759949279
-640.508156062887,-949.627051076165
-642.682238209029,-954.377788010737
-644.76110318159,-959.330878198145
-646.196621218393,-964.135113821971
-647.75367114251,-968.950638652507
-649.230015615138,-973.65426804052
-651.053340634347,-978.628264902958
-653.642235044345,-983.527187640794
-655.616958940583,-988.312423347108
-658.021140161641,-993.208759081662
-660.778429822963,-997.996672733515
-664.03617193919,-1002.86781328744
-667.419635481888,-1007.68065519729
-670.96282008875,-1012.25655247099
-674.398467544845,-1016.9332606005
-677.67146606498,-1021.57759566823
-681.203913304387,-1026.05737016921
-685.069956870349,-1030.73271338593
-688.957315639933,-1035.46838430675
-692.845885845782,-1039.90656034516
-696.497413549279,-1044.62139906588
-700.676832803159,-1049.38274997876
-704.902184098144,-1054.13557767617
-708.977326476508,-1058.77093408566
-713.65203843726,-1063.36682918057
-718.372061974961,-1067.78652807149
-722.446437715843,-1072.33613289045
-726.730411154728,-1077.1934263864
-730.775023420527,-1082.1581837972
-734.838720584234,-1087.00582679981
-738.455084685894,-1091.71420917848
-741.649010420836,-1096.41037224394
-744.092273825466,-1101.2301108325
-745.634254249342,-1106.05877456978
-747.940968608995,-1111.06241651961
-749.791010414672,-1115.8843537937
-751.628413631195,-1120.85025721394
-753.570095349897,-1125.86361759361
-756.168771742955,-1130.88234537024
-758.723714526803,-1135.96146429219
-761.383082886253,-1141.10905337199
-764.048118931278,-1145.93361525378
-766.86969902011,-1150.78323536144
-769.990397286491,-1155.80724219573
-773.530958659605,-1160.93984078409
-777.153437536624,-1165.61374705002
-780.972656149302,-1170.50769271683
-784.892649144671,-1175.3614833717
-788.496043980299,-1179.83018892441
-792.165799387526,-1184.25291550071
-796.068468591917,-1188.8855363026
-800.051187969079,-1193.4636586
-804.147267443536,-1198.02633901791
-808.157474458504,-1202.71004456259
-812.076011347123,-1207.19613238065
-815.951402001722,-1211.78992421472
-820.055677151894,-1216.38074534988
-824.062023865617,-1220.99341681245
-828.309135609186,-1225.65222512045
-832.541941524588,-1230.28985636271
-836.410291846875,-1234.91735272815
-840.53410219997,-1239.40922087068
-844.366991158268,-1243.98556627736
-847.317203654401,-1248.73124590868
-849.574530805306,-1253.64083333701
-851.59799283016,-1258.20820387023
-853.363095944376,-1262.93156868414
-854.849634383336,-1267.70652228957
-856.587177651381,-1272.55855011249
-859.024639135287,-1277.51023017802
-861.252038714626,-1282.4059966454
-863.688599521396,-1287.28733227638
-866.53515356611,-1292.29683762446
-869.655999591211,-1297.3728918301
-872.635122829489,-1302.49084547844
-875.842645674544,-1307.4871531243
-879.181958343509,-1312.43364468415
-882.808991163582,-1317.32820071506
-886.278172399734,-1322.21725571659
-890.27122759956,-1327.12259567702
-893.929459094464,-1331.94414835305
-897.623005910781,-1336.76573144685
-901.754907020313,-1341.48867406533
-905.193359306013,-1346.29965518286
-909.063132176848,-1351.03350480624
-913.089967088761,-1355.68990719697
-916.841359158248,-1360.59612971147
-920.918833007262,-1365.54352522073
-924.9883320281,-1370.29202195703
-928.920564695136,-1374.98841186616
-933.519674380879,-1379.80999019435
-937.816035681164,-1384.6141407832
-941.646342766001,-1389.33096098301
-945.176037687444,-1393.89399842445
-948.370073882079,-1398.78344657579
-951.151789258999,-1403.6242949299
-953.427294102922,-1408.24844534874
-955.906228503678,-1412.93038984364
-957.630107419281,-1417.65561810445
-959.204850043021,-1422.46390090315
-961.190107109623,-1427.31244531189
-963.314391163729,-1432.1775699618
-966.114112886637,-1437.00140530982
-968.558561989524,-1441.86917206914
-971.134286096707,-1446.91669853381
-974.141303791927,-1451.93622721023
-977.365643300878,-1456.72634808243
-980.193091036867,-1461.58793925466
-983.701778583645,-1466.54318835902
-987.243738932467,-1471.46615390801
-990.584734489292,-1476.25634059008
-994.194829096738,-1481.09835887891
-997.900078394345,-1485.92152149831
-1001.86485073272,-1490.86591767687
-1006.03289675758,-1495.72995029395
-1009.95388375205,-1500.68933835403
-1013.49746190076,-1505.63034371659
-1017.29893931442,-1510.56395255904
-1021.16912648741,-1515.4453624592
-1025.27658429678,-1520.23292189429
-1029.01134966168,-1524.88092891712
-1033.21609972847,-1529.60936003076
-1037.47724045176,-1534.22574229315
-1041.82917826694,-1538.9820831162
-1045.31223404501,-1543.67728749103
-1048.33755906444,-1548.50676215578
-1051.4071425079,-1553.35129672068
-1053.90455412939,-1558.19451037924
-1056.09542610027,-1562.76569099637
-1058.21339037404,-1567.38958303126
-1060.31211833341,-1572.17051734752
-1062.27711122849,-1576.94873291138
-1064.27051202338,-1581.85104130132
-1065.95106931956,-1586.53344537381
-1068.03362690902,-1591.30328559782
-1071.01239635162,-1596.02453816036
-1073.70289272462,-1600.74643621494
-1077.15646802202,-1605.66642875464
-1080.72780725495,-1610.49811373237
-1083.67813241206,-1615.44702203642
-1086.97935527392,-1620.131514703
-1090.47885212924,-1624.75638817975
-1093.94703056491,-1629.46230586686
-1097.69625182613,-1634.37839730605
-1101.48656125297,-1639.31842607278
-1105.13720388532,-1644.34352942166
-1109.19129257182,-1649.32547853546
-1109.68202479337,-1650.39694702483
-1108.39554320055,-1650.40884988389
-1108.34140149946,-1650.8564479192
-1109.84752369032,-1652.57788846258
-1112.06167124741,-1654.83264494725
-1114.45427086914,-1658.01242673471
-1115.04146197354,-1659.07338795631
-1116.00280691428,-1661.1103627295
-1117.98546778201,-1663.88631633583
-1120.68401726717,-1667.6739729006
-1123.97438558931,-1672.02951425815
-1126.78417016109,-1676.6277887701
-1130.0795474368,-1681.36266296228
-1129.73073391086,-1683.20768634984
-1130.56110019953,-1685.39533179499
-1131.71494572104,-1688.77741456688
-1133.7408763641,-1692.9279955352
-1135.87238926667,-1697.48210507074
-1138.43494643703,-1702.12400946822
-1141.48668193305,-1706.90951852987
-1141.1627241894,-1708.37465856283
-1142.16730219412,-1710.75740085306
-1144.78434424767,-1714.56617924697
-1148.444210245,-1719.08824466872
-1152.11625799609,-1723.64260263134
-1155.76083558707,-1728.31584220739
-1159.84038624384,-1733.15115705714
-1160.07134901973,-1734.92220225244
-1161.95885603415,-1737.58103248682
-1164.77826148491,-1741.30573531672
-1168.33934220714,-1745.54809265885
-1172.3690094894,-1750.19971916554
-1176.31272878749,-1754.97262003983
-1180.54110800096,-1760.0154621042
-1181.9335119206,-1761.92201471564
-1183.98045472482,-1764.43458321246
-1187.17687797454,-1767.94766565226
-1190.74107626076,-1772.04012206563
-1194.76430377815,-1776.44783492062
-1199.16470198681,-1781.23880263366
-1203.47038614787,-1785.92744688678
-1203.67895007907,-1787.52784376568
-1204.63525789679,-1789.82505122744
-1207.18533266624,-1793.49713062885
-1208.91981841088,-1797.76536922507
-1211.35918157972,-1802.12835587325
-1214.37249137335,-1806.81438776127
-1217.02976030219,-1811.5228382867
-1216.42982561088,-1813.12947229888
-1216.49127855479,-1815.62773669208
-1218.24525886124,-1819.33016042228
-1220.33787374552,-1823.63820746507
-1223.13701044587,-1828.04256589898
-1226.15309258093,-1832.75742880288
-1229.75672558238,-1837.64895459299
-1232.48268396261,-1841.92025816539
-1235.2959901831,-1846.12612123365
-1238.32627503603,-1850.43589225432
-1241.58494311584,-1855.13522866172
-1245.62329393317,-1859.93754347955
-1249.18691369166,-1864.77930713641
-1252.68142862579,-1869.63965468029
-1256.51459978624,-1874.36556171706
-1260.17300875779,-1879.10593976373
-1264.08875873835,-1883.69730853029
-1267.91342695023,-1888.41176062202
-1272.08684904456,-1893.27487344669
-1275.9804841363,-1898.12536465813
-1280.34628571077,-1902.94819730231
-1284.34614556968,-1907.5223756465
-1287.97797065835,-1912.2303302023
-1291.81114834574,-1917.16297235514
-1295.60774835577,-1921.77355058648
-1299.1396377241,-1926.49001914181
-1302.32070136789,-1931.27467778903
-1305.47125119172,-1935.91371069405
-1308.59375352835,-1940.56963295167
-1310.79103060001,-1945.07309162862
-1312.42121447415,-1949.5710449867
-1314.12626441474,-1954.15029845325
-1316.54149971693,-1958.93205680839
-1319.16721281276,-1963.71280423922
-1321.36189382984,-1968.47388215862
-1323.09634715292,-1973.04315808052
-1325.18164037207,-1977.7553693745
-1327.81263000257,-1982.40186163414
-1331.07905287991,-1987.06896243257
-1333.89116325939,-1991.88951976524
-1336.73798143712,-1996.52260361446
-1340.48005393061,-2001.55726455594
-1344.12187246047,-2006.42955413277
-1347.78318990743,-2011.27748685177
-1351.73347513615,-2015.95740341815
-1355.74347849759,-2020.42406918625
-1359.67628473377,-2025.18925840735
-1363.7098666081,-2029.9843397563
-1367.95440615904,-2034.8402630151
-1372.18023554728,-2039.6074245816
-1375.82347498453,-2044.44765257733
-1380.02430344658,-2049.10652177105
-1384.10709690839,-2053.74363898214
-1388.20878073663,-2058.42410677178
-1391.84496736154,-2063.20330120512
-1395.56849832554,-2068.11701239297
-1399.07609059881,-2073.13630226247
-1401.70783956772,-2078.01931945137
-1404.44704286648,-2082.69853521488
-1406.72793942625,-2087.22305581629
-1409.23876759287,-2091.83319454742
-1411.3977155421,-2096.55586850248
-1413.39539457105,-2101.21154653127
-1416.12630993217,-2105.65885761905
-1418.13972834353,-2110.25869440826
-1420.05508179826,-2114.87941302237
-1422.43011384362,-2119.45378793061
-1424.89173964441,-2124.33300912619
-1426.79898112812,-2129.07028821726
-1429.80109416685,-2133.8461419105
-1432.75808490774,-2138.71867250292
-1436.56760703708,-2143.38176274982
-1440.34605258118,-2147.99053631074
-1444.08747111622,-2152.87049124068
-1447.43549302025,-2157.73044982543
-1450.82027618839,-2162.51979291226
-1454.45231504716,-2167.21647011227
-1458.11732321377,-2171.90269790699
-1462.23257168868,-2176.43996764573
-1466.02586072977,-2181.14212252881
-1470.31231090267,-2185.76183879408
-1474.06159041287,-2190.4409061498
-1478.13785892872,-2195.213637994
-1482.15681538811,-2200.07344398309
-1486.06581984711,-2204.82248813767
-1490.05445966808,-2209.66151001704
-1493.89110417355,-2214.48032328761
-1497.81560222577,-2219.04642337929
-1501.03649573384,-2223.82911947476
-1504.27324281949,-2228.46751546314
-1506.9967326673,-2233.07258476309
-1509.31157071797,-2237.75855864525
-1511.64669172209,-2242.38189268397
-1513.38533015704,-2247.19622682839
-1515.418892416,-2251.90238045352
-1517.23318369011,-2256.60697703701
-1519.8153802466,-2261.32259920883
-1521.51300414249,-2266.20299352242
-1524.13944079237,-2271.07595860371
-1526.36941813006,-2275.84951739262
-1529.037300053,-2280.47625786716
-1531.74561925618,-2285.20579978689
-1534.98497202264,-2290.04844182576
-1538.12387773411,-2294.97545171345
-1541.7604559251,-2299.70753168393
-1545.84896664324,-2304.38189168727
-1549.88563840306,-2309.21103445843
-1553.68783372942,-2314.07613781807
-1557.00328314061,-2318.9960975244
-1560.66098026692,-2323.86098879024
-1564.46735204827,-2328.54281422381
-1568.32004470285,-2333.34081223975
-1572.38498048944,-2338.07219991373
-1576.24032900409,-2342.90029876814
-1580.51134286269,-2347.85158308492
-1584.49795796323,-2352.64452381279
-1588.46274917004,-2357.6167569612
-1592.33192471183,-2362.59618566081
-1595.52154682183,-2367.35310953526
-1598.92976186314,-2372.13198769004
-1602.05113851376,-2376.78361310904
-1604.79140803311,-2381.55363980615
-1607.85516086115,-2386.22801496143
-1609.62945865306,-2391.00217903597
-1611.80738338428,-2395.86428398731
-1614.77296410661,-2400.76483433191
-1616.91114386812,-2405.59349473953
-1618.91198622986,-2410.21615862454
-1620.96089553764,-2414.79207220946
-1623.2417287663,-2419.26835172161
-1625.86804297878,-2424.10840897208
-1628.61568966958,-2428.75834229221
-1631.76284450227,-2433.55279166042
-1634.95809465457,-2438.31178148625
-1637.90658007459,-2443.10725254685
-1641.52020870511,-2447.76706163366
-1644.60839126454,-2452.47294585328
-1647.8971774086,-2457.23803904821
-1651.61732205055,-2461.7538246062
-1655.25736820418,-2466.60320293479
-1659.02409859291,-2471.38900326136
-1662.61334723554,-2476.09202564655
-1666.61337622247,-2480.97364014602
-1670.53372682073,-2485.71210047435
-1674.07669172733,-2490.41607266673
-1677.77681801561,-2495.10696656323
-1682.09798921129,-2499.80921794716
-1686.09433173863,-2504.54235697981
-1690.01903586858,-2509.4378122161
-1693.79233457064,-2514.33134744728
-1697.44767131643,-2519.20722221167
-1700.81223712529,-2524.06305692812
-1703.5593762682,-2528.92113511426
-1706.37526500117,-2533.76780099432
-1708.38820519005,-2538.44016635069
-1710.94168818835,-2543.09342140894
-1713.13227895255,-2547.82212084296
-1715.72250940643,-2552.70492245665
-1718.2132183591,-2557.56126638184
-1720.66102839782,-2562.03265118193
-1722.79549902127,-2566.69870095932
-1725.19319106175,-2571.5544814065
-1727.29323091533,-2576.63143809768
-1730.09235210715,-2581.34987569041
-1733.20103720955,-2586.04553498047
-1736.41000100321,-2590.75732726233
-1739.72576603303,-2595.40782609657
-1743.09274472656,-2600.07130771594
-1746.27144489747,-2604.91379462648
-1749.40707878565,-2609.74711268255
-1753.00945627206,-2614.57400447263
-1756.46073282344,-2619.41750001296
-1760.33565742259,-2624.08125821812
-1764.25742701559,-2628.94937126927
-1768.36231676779,-2633.70234974719
-1772.54878245276,-2638.44190290938
-1776.48174094862,-2643.23302640851
-1780.94408432557,-2647.98126522286
-1785.2783813159,-2652.75954438614
-1789.3874421786,-2657.58446925877
-1793.38205688762,-2662.45219250798
-1796.88418290916,-2667.24856106389
-1800.34841448522,-2672.21890263128
-1803.84125326447,-2677.02276520263
-1807.26879474675,-2681.94565576404
-1810.529151102,-2686.90331572149
-1813.89047773238,-2691.72888835715
-1816.57260577787,-2696.70258366216
-1819.4164398028,-2701.41224642781
-1821.35139263465,-2706.38667541269
-1823.19156579078,-2711.32788516638
-1826.09310931114,-2716.15914751276
-1828.9608351036,-2721.00490988927
-1831.633716905,-2725.79759654083
-1834.54868659775,-2730.5257513993
-1837.74387782921,-2735.29556865508
-1840.87986425435,-2740.00830584736
-1843.8936942212,-2744.59079078939
-1847.03964732642,-2749.25247841508
-1850.01653889122,-2753.98933822967
-1853.14143303025,-2758.74824541191
-1856.49315710333,-2763.52703810467
-1859.86599061149,-2768.17607466466
-1863.57328596319,-2772.98400545888
-1867.56529048554,-2777.59089681408
-1871.5532282009,-2782.37229577805
-1875.6245658655,-2787.10747102608
-1879.59602032607,-2792.00359778864
-1883.19848555675,-2796.86509598051
-1887.00543996124,-2801.62234481308
-1890.92134022208,-2806.41587674951
-1894.97712005205,-2811.08823016852
-1898.46751235582,-2815.86424186037
-1902.13133122671,-2820.74165407088
-1905.62266203946,-2825.51651584655
-1908.72922611007,-2830.26220594678
-1912.00307158094,-2835.06452695713
-1914.92468627569,-2839.8080293692
-1917.38560682229,-2844.53075032688
-1920.02536458725,-2849.24402637093
-1922.38330188979,-2854.08782572944
-1925.02596707462,-2858.87905521021
-1927.39625167457,-2863.75438451596
-1930.08416343438,-2868.49824482556
-1932.40074509029,-2873.1201081053
-1935.18011121007,-2877.78322568162
-1938.12000086427,-2882.57520379054
-1940.79498348052,-2887.28961873791
-1943.52532079959,-2892.03978579344
-1946.37306224868,-2896.86416813428
-1949.24915281714,-2901.55059964482
-1952.42108567788,-2906.4018154826
-1955.65769414111,-2911.28915864929
-1958.92539575133,-2915.93961791347
-1962.47992104263,-2920.67292751734
-1966.19504969837,-2925.58280635884
-1970.16559178499,-2930.36292959267
-1974.0789316639,-2935.13666726993
-1978.38846246258,-2940.02451889591
-1982.69679581912,-2944.93255693512
-1986.53540873296,-2949.8678972649
-1990.84898849949,-2954.82728770936
-1995.45961358476,-2959.78217888138
-1999.85002397407,-2964.58697166666
-2003.63389541754,-2969.34979883467
-2007.29997539701,-2974.17767620113
-2010.99094311706,-2978.92777019403
-2014.02312866132,-2983.63145486859
-2017.12196798899,-2988.34573198048
-2019.53255781219,-2993.05628375024
-2022.33994826986,-2998.00578666726
-2025.19373916198,-3002.67971181243
-2027.64333743978,-3007.46073006991
-2030.3253569241,-3012.38779371918
-2032.54147789531,-3017.25592897259
-2034.55145637462,-3022.0962211126
-2037.40195604537,-3026.99076827901
-2039.95095324161,-3031.76738589914
-2042.66139418358,-3036.54553743218
-2045.6460701132,-3041.28434952721
-2048.92551321695,-3045.94069264673
-2052.56575629771,-3050.80197159725
-2055.48000430286,-3055.63772182979
-2058.69633891759,-3060.40380841527
-2062.18452223928,-3065.07638152978
-2065.8237951724,-3069.85660251823
-2069.58578408313,-3074.69338679249
-2073.52278979971,-3079.6557911629
-2077.76354845644,-3084.46224358233
-2081.77733502858,-3089.24244543617
-2085.75394053062,-3093.99788032531
-2089.5404264576,-3098.95925184031
-2093.83411802792,-3103.78206918527
-2097.67902064725,-3108.47908841241
-2101.57560759683,-3113.41487460624
-2105.40765695966,-3118.26758233101
-2108.88656302992,-3123.34356575126
-2112.03513308154,-3128.16469928796
-2115.25557684051,-3132.93804894628
-2118.22381563843,-3137.75976472216
-2121.22237212265,-3142.71260854719
-2123.78659027859,-3147.71078424863
-2125.84559186157,-3152.56910178183
-2128.3833994434,-3157.68086924239
-2130.42076067067,-3162.41166993858
-2133.25803896424,-3167.25182266374
-2135.44604818175,-3172.32382750992
-2137.58498296265,-3177.22018025364
-2140.44314921506,-3182.22204910352
-2143.34633972942,-3186.91827579002
-2146.23038215839,-3191.79679997724
-2149.51724315586,-3196.64143334186
-2152.6929877279,-3201.52399538411
-2156.06093045967,-3206.10018047049
-2159.75472883261,-3211.08698686159
-2163.20653709243,-3216.07097283644
-2166.91096643224,-3221.12492362054
-2170.2395166515,-3226.11597307583
-2173.50809942599,-3231.01209968093
-2176.89692988958,-3235.88696586455
-2180.6224816429,-3240.51710569896
-2184.5096196046,-3245.05018575692
-2188.6096469572,-3249.83271729888
-2193.01071536548,-3254.69129091977
-2196.94189384364,-3259.53475837991
-2201.17804600197,-3264.35624683359
-2205.18449712366,-3269.38513777721
-2209.06350056011,-3274.22570273317
-2212.56149358291,-3279.14103687762
-2216.54491326979,-3283.87277657687
-2219.83089499542,-3288.76824475982
-2222.64510362833,-3293.90020418804
-2225.29197426061,-3298.74763140801
-2228.0196988838,-3303.71553719713
-2230.61056553937,-3308.77450160008
-2233.33155523623,-3313.62531688128
-2235.91287454006,-3318.61994333782
-2234.91107493147,-3319.8220794
-2233.55026583003,-3319.55202749383
-2232.72865289836,-3320.07621381197
-2232.07024459043,-3321.43966822113
-2232.95430949988,-3323.95385357359
-2232.41734096521,-3324.80876158122
-2232.71167345642,-3326.6474052485
-2234.47011616097,-3329.38657219607
-2236.89075978526,-3333.10076049977
-2240.24483645153,-3337.04173535716
-2243.91530431995,-3341.43375959592
-2247.28338754098,-3345.98366407669
-2248.32448174624,-3347.59367224288
-2249.83213487535,-3350.08946021849
-2252.48833839568,-3353.66569901375
-2255.9625045872,-3357.75204643012
-2259.96534237408,-3362.32661386132
-2263.73555683991,-3367.06343964073
-2267.94933174868,-3371.94927272933
-2269.17471719491,-3373.51860780725
-2271.31518551246,-3375.82185314354
-2274.21897645703,-3379.36546283553
-2277.94994696317,-3383.86041185347
-2281.11585167529,-3388.5529612834
-2284.25904706444,-3393.51149366021
-2287.64475537346,-3398.34824359761
-2287.87197105373,-3400.02849332846
-2289.13222193961,-3402.70496890702
-2290.88729613104,-3406.44376671405
-2293.18070103098,-3410.74123208881
-2295.38963648912,-3415.21816366815
-2297.96744730542,-3419.9436480421
-2301.02549602194,-3424.77468161817
-2300.60913953822,-3426.37300862263
-2301.02084833732,-3428.91499420297
-2303.0267259261,-3432.3962601412
-2305.56770655285,-3436.62004565527
-2308.94285357198,-3441.16859208898
-2312.45975441693,-3445.93245728091
-2316.26611533542,-3450.72385186753
-2317.30004327101,-3452.12539351923
-2319.02747075414,-3454.71487674857
-2321.75304929949,-3458.24738416605
-2325.01832666807,-3462.57036550649
-2328.65099570917,-3467.08902873422
-2332.65600277694,-3471.82123151826
-2336.74095586082,-3476.60150458965
-2337.50961467037,-3478.34380587435
-2339.45240960088,-3480.95697148872
-2342.6608134247,-3484.41789536336
-2346.28528669408,-3488.62199496592
-2350.26589508383,-3493.18574416909
-2354.1126860967,-3497.88655647225
-2358.30888139532,-3502.63496572596
-2361.00637837447,-3506.65335946991
-2363.64275545281,-3510.69476812895
-2366.66822200335,-3515.05944191363
-2369.9299643954,-3519.5835333532
-2373.05904721174,-3524.42399098474
-2376.25180333566,-3529.35989345471
-2378.91850230618,-3534.18123471652
-2381.48999379807,-3538.94416820247
-2384.2131374006,-3543.66722305193
-2386.91390674933,-3548.16577324386
-2389.40055802751,-3552.78717115148
-2391.53146133248,-3557.50782660556
-2394.10053967284,-3562.51302492756
-2397.10478063908,-3567.37173586799
-2400.08858171227,-3571.95692460854
-2403.64059982408,-3576.52228481495
-2406.83432608235,-3581.24204990317
-2409.56809443076,-3585.79916994016
-2412.44805712954,-3590.50393892664
-2415.62177337873,-3595.20271488536
-2418.96004912344,-3599.99566879724
-2422.19896458437,-3604.84682269213
-2425.5732146487,-3609.59121794559
-2429.12983173092,-3614.46106615177
-2432.97962517612,-3619.09621179568
-2436.86937008221,-3623.82815944982
-2440.49995999573,-3628.61198652389
-2444.44272866327,-3633.34084259792
-2448.06633868341,-3637.95781800868
-2451.75092838044,-3642.56562607479
-2455.11986384506,-3647.24338680182
-2459.04498794496,-3651.99626968887
-2462.44062072593,-3656.63764928095
-2465.5306785967,-3661.28635961035
-2469.19311410975,-3666.16384455208
-2472.3438027327,-3670.87028214065
-2474.5181748712,-3675.63287348293
-2477.51660306914,-3680.42759310791
-2479.96593045208,-3685.14098171992
-2482.47113757525,-3689.76817881319
-2485.20998365283,-3694.56369013146
-2487.99450001383,-3699.37645517568
-2490.0194381308,-3704.3275408538
-2492.83630177034,-3709.14535684327
-2494.76003325385,-3713.79575159639
-2497.29538565065,-3718.45938088814
-2499.71782739432,-3723.25054642017
-2502.6241228297,-3727.99605820839
-2505.60441217073,-3732.7077356483
-2508.7102713884,-3737.3991026229
-2511.92753322068,-3742.20046461529
-2515.97344689901,-3746.83502705175
-2519.8243160859,-3751.68957085218
-2524.01247046102,-3756.33987205669
-2527.5398678193,-3761.03235392801
-2531.29958753692,-3765.68628223048
-2535.01237000356,-3770.31655869303
-2538.65521248186,-3774.9615250054
-2542.80500716735,-3779.57607855795
-2546.75278907002,-3784.47363532533
-2550.53763159887,-3789.27691595141
-2554.332282543,-3793.97062035473
-2557.46533691018,-3798.7032450038
-2560.78701688032,-3803.55723591247
-2564.09371459813,-3808.20303040244
-2567.49288945004,-3812.70862869775
-2570.53882867389,-3817.24099828301
-2573.73246304639,-3822.13811634582
-2576.52758031886,-3826.97017338059
-2579.00155798846,-3831.71424092968
-2581.68193005605,-3836.46349827063
-2584.40403568532,-3841.27803740334
-2587.43658600383,-3846.09718155987
-2589.85224088816,-3851.04647393526
-2592.5498302563,-3856.048343657
-2595.52363362154,-3860.82570304423
-2598.40623660776,-3865.63813254611
-2601.35309651074,-3870.55869291685
-2604.14549137964,-3875.37015304379
-2606.74946786582,-3880.08545413081
-2609.7455648959,-3884.86097759737
-2612.77980035244,-3889.60861659154
-2615.97002379184,-3894.38971939895
-2619.52332742212,-3899.30495547068
-2622.97577582468,-3904.1960893871
-2626.56536042707,-3908.85607553443
-2630.30713006047,-3913.61382858534
-2633.49389426883,-3918.37291080388
-2637.01570174041,-3923.06070430602
-2640.72657144836,-3927.73148070176
-2644.73805329318,-3932.29465718341
-2648.79413180885,-3936.81844057539
-2652.36760852411,-3941.39734961551
-2656.53462217257,-3946.09465490065
-2660.23217053028,-3950.836807555
-2663.799020458,-3955.54739404171
-2666.94478958911,-3960.32893897751
-2669.85892638021,-3965.08482383294
-2672.7644455395,-3970.06244949001
-2675.26089272918,-3975.11856482795
-2677.91390941677,-3980.1715223779
-2680.53233558745,-3984.8917819314
-2683.28841010239,-3989.76878847895
-2686.16037672396,-3994.68760900598
-2688.50138640151,-3999.67004736961
-2690.58940001309,-4004.502735327
-2693.14811012365,-4009.328525029
-2695.90413861505,-4014.20177531436
-2698.70286994164,-4018.94287772706
-2700.74746134836,-4023.68952967217
-2703.20803251716,-4028.4693126375
-2706.08981373685,-4033.25899434888
-2709.13658135813,-4038.21443852593
-2712.68738759976,-4042.95288079591
-2716.1085451608,-4047.87761355935
-2719.30143906383,-4052.7631335914
-2723.20979174823,-4057.48670063296
-2726.57818728618,-4062.27831442896
-2730.7834303416,-4067.0751749791
-2734.50595161355,-4072.04430449498
-2738.24079545993,-4076.67515714788
-2741.9928347951,-4081.44427551434
-2745.76056371818,-4086.42602412632
-2749.55990313661,-4091.24934390573
-2752.84469022028,-4096.03269742893
-2756.33618398834,-4100.88563459358
-2759.72279799564,-4105.50932933367
-2762.81260410249,-4110.30325276317
-2765.95167792962,-4114.93415622598
-2769.07358898243,-4119.70899102485
-2771.56065841418,-4124.59757217261
-2774.68291442221,-4129.45276724987
-2777.24175776838,-4134.19343118468
-2779.58825110391,-4138.89151048749
-2782.09061733422,-4143.85897019643
-2784.54246148828,-4148.67305663708
-2786.78283395015,-4153.52886505993
-2789.58593724094,-4158.04733916166
-2792.16102875265,-4162.80403709424
-2794.87349103121,-4167.56977108011
-2797.76806978691,-4172.45533878002
-2800.65275279098,-4177.34646650947
-2803.28760784982,-4182.25778670521
-2806.82699159094,-4187.01237084132
-2810.53852748982,-4191.86301360603
-2813.95866276299,-4196.59777032694
-2817.09588116041,-4201.41316276157
-2820.64001555266,-4206.13358231922
-2824.20037244262,-4210.91599620133
-2827.95111508309,-4215.70051972202
-2831.68809461495,-4220.35027842034
-2835.5253809951,-4225.0682718525
-2839.06739124658,-4229.92698436371
-2843.49631728828,-4234.80919399367
-2847.14435532563,-4239.57035174791
-2850.9603559102,-4244.48209212748
-2854.73129371831,-4249.40100198332
-2858.27036376699,-4254.06083444374
-2861.60382771279,-4258.68108741356
-2865.03041945838,-4263.45469500985
-2868.12868207393,-4268.08949232927
-2871.50896939169,-4272.93493025586
-2874.89249949697,-4277.61394226535
-2877.4917129211,-4282.37602983844
-2880.32871023181,-4287.32196692385
-2882.88785615017,-4292.18526785768
-2885.59232319933,-4297.00394900251
-2888.38642381293,-4301.675391699
-2890.71497878268,-4306.13430229463
-2893.32114201098,-4310.84468408136
-2896.0190487523,-4315.52421858161
-2898.13088779681,-4320.18883126498
-2901.09102548776,-4325.02883431111
-2904.16083109529,-4329.77810294231
-2906.899130373,-4334.36152210796
-2910.16983896407,-4338.90866076475
-2913.64029460308,-4343.82095944946
-2917.11983099782,-4348.89828794118
-2920.70412545573,-4353.63106826297
-2924.06725798,-4358.35046112561
-2927.273060543,-4363.05570451882
-2930.81676770182,-4367.70415459897
-2934.69380436106,-4372.47036145649
-2938.8215879535,-4377.0619760099
-2942.45080961078,-4381.83276972993
-2946.05738139358,-4386.58177692964
-2950.1142173665,-4391.30385896698
-2954.06503710729,-4396.04232835248
-2958.26471961802,-4400.69698407849
-2962.2627089348,-4405.42626089123
-2965.87393823093,-4410.32165804937
-2969.56933814504,-4415.15728320659
-2972.98939247528,-4419.91261816148
-2976.27909569074,-4424.68931688985
-2978.71742443996,-4429.41765773472
-2981.63382650892,-4434.23657472429
-2984.2610890996,-4438.94879824331
-2986.97333175126,-4443.63343094301
-2989.37149659087,-4448.43579488297
-2991.55517749056,-4453.18972985512
-2993.97355451415,-4457.86265248509
-2996.74744127469,-4462.60709441222
-2999.00739154514,-4467.67450047027
-3001.27405610792,-4472.68265445962
-3004.39353588967,-4477.55834328213
-3007.281232125,-4482.3885400024
-3010.37645667736,-4487.3165924811
-3013.80730031547,-4492.24412854929
-3017.17711768058,-4497.1599882568
-3020.63885066614,-4501.98642812456
-3024.07432885886,-4506.78217953167
-3027.71690080001,-4511.71862753143
-3031.53611720185,-4516.67536213627
-3035.39575428702,-4521.49676441468
-3039.20606378329,-4526.24467092039
-3043.16347893243,-4531.09635536275
-3047.30263294883,-4535.76295411318
-3051.0911236424,-4540.60691968689
-3054.73418103687,-4545.4747736731
-3058.44409320905,-4550.28941566064
-3062.56153170094,-4555.11873502995
-3066.59548358953,-4560.06907117201
-3070.02558060988,-4564.94636654832
-3073.21593863797,-4569.79234621406
-3076.58973878135,-4574.44814946514
-3079.69660536415,-4579.08174130911
-3082.98091400385,-4583.8203820512
-3085.81918944177,-4588.70208300127
-3088.71552307495,-4593.44312261481
-3091.47583200982,-4598.14304998593
-3094.16430351154,-4602.82064180963
-3096.85859483822,-4607.47780777987
-3099.44694599447,-4612.09657166817
-3102.0893054401,-4616.9977342138
-3104.61516365298,-4621.89952938832
-3107.10118076835,-4626.56887804272
-3109.24403021147,-4631.33695104865
-3111.99779943395,-4636.29277617318
-3115.01101223041,-4641.32672787109
-3118.07745651651,-4646.21741223971
-3121.68596310632,-4651.21542600357
-3125.66740342231,-4656.15917441241
-3129.42382592995,-4660.83535468869
-3133.09961173844,-4665.39811189902
-3136.84895239438,-4670.18609214108
-3140.84093341233,-4674.96832710936
-3144.73387605683,-4679.64095866523
-3148.65217178585,-4684.38452360809
-3152.63061542859,-4689.29709882869
-3156.02904293976,-4694.02944501482
-3160.03780877892,-4698.82456866006
-3163.96294009143,-4703.80333738528
-3167.88369249559,-4708.62331823782
-3171.52059952214,-4713.4711527112
-3174.3466011968,-4718.14418432469
-3177.89756726359,-4722.96255332095
-3181.28782078496,-4727.82429936745
-3184.69006961192,-4732.77498543139
-3187.7817839736,-4737.39157247368
-3190.65494273775,-4742.11551673202
-3193.34759340677,-4747.00937318531
-3196.07618319523,-4751.82115594768
-3198.53531903845,-4756.61678852331
-3200.99757585875,-4761.38513617838
-3203.93086081626,-4766.1889567531
-3206.98496774413,-4771.04999636069
-3210.08708638502,-4775.90373444288
-3213.09942414938,-4780.70852919881
-3216.19177715387,-4785.46353815184
-3219.51433801311,-4790.32186036038
-3222.68451858909,-4795.15776602274
-3226.00471763414,-4799.94648416606
-3229.69380133825,-4804.76344262913
-3233.26744245582,-4809.66760145552
-3236.89961377627,-4814.58215424514
-3240.66102048431,-4819.43515440362
-3244.47151826453,-4824.30190103591
-3248.17517654606,-4829.1882780902
-3252.23860832638,-4834.06477768124
-3256.28342438423,-4838.82286008839
-3260.24453509181,-4843.79784359252
-3264.1802974393,-4848.77833654967
-3267.89781540685,-4853.6021531907
-3271.87175346646,-4858.48671115572
-3275.49288226657,-4863.38535769666
-3278.82861641346,-4867.98062904141
-3282.15695224407,-4872.86280586504
-3284.95656989476,-4877.77618881714
-3288.32452230087,-4882.68483571427
-3291.75594880866,-4887.34273563791
-3295.08193412891,-4892.28284505478
-3297.23124522934,-4897.20272539423
-3300.36637400852,-4902.16387738668
-3303.25339170058,-4907.08415936321
-3305.62771743507,-4911.97151830177
-3308.11474748666,-4916.86620764436
-3310.93195514531,-4921.89664414112
-3314.1949137053,-4926.79378729804
-3316.96072155975,-4931.45960483518
-3319.42012701676,-4936.43412593886
-3322.2653492573,-4941.12706133777
-3324.71233408537,-4945.93542329813
-3327.76296744809,-4950.71555950918
-3331.02506997648,-4955.62960039554
-3334.62078866909,-4960.44626517644
-3338.39832976569,-4965.06355227622
-3342.29482122177,-4969.82059278528
-3346.17871061224,-4974.82374739099
-3349.94400642667,-4979.90608758946
-3353.65260198849,-4985.06147504274
-3357.81550895319,-4989.88228301972
-3358.24947841167,-4990.93281307788
-3357.9963324097,-4990.95527113338
-3357.49785792312,-4991.62839827826
-3358.17646233562,-4993.16429432699
-3358.00288321213,-4993.87282512059
-3357.79185109662,-4994.97729220736
-3359.48912693849,-4997.35884533109
-3361.85299238712,-5000.58695821137
-3364.6595216903,-5004.40707414776
-3367.21304259858,-5008.9326228852
-3370.14244638595,-5013.54029807398
-3369.89736824139,-5014.96324783778
-3370.76347318962,-5017.61097458397
-3372.90448219535,-5021.10546854005
-3375.42622458236,-5025.13614194553
-3377.9940431874,-5029.6198228827
-3380.93310961764,-5034.44242266637
-3383.98179735206,-5039.18302341865
-3384.23447932219,-5040.75288996643
-3384.85375241304,-5043.09024530623
-3387.03530131074,-5046.82730289103
-3389.77822594651,-5051.16275010031
-3393.22014030504,-5055.87833512315
-3396.67544053995,-5060.78011555867
-3400.50333601817,-5065.72593487954
-3401.74308161485,-5067.32373011492
-3403.43573246085,-5069.82381296554
-3406.46837859069,-5073.56334793618
-3410.1061459394,-5077.81868748088
-3413.7446169875,-5082.36549991175
-3417.51003190679,-5087.21789486132
-3421.27339509732,-5092.15062979511
-3422.70066639722,-5093.95177487037
-3423.82008354079,-5096.44855658861
-3426.87489813972,-5100.04869040485
-3430.42126934308,-5104.11979477465
-3434.12234990587,-5108.64522591627
-3438.01332280067,-5113.29710855429
-3441.69192521079,-5118.28412022297
-3442.12661498866,-5119.91373936636
-3443.62928451499,-5122.35240690293
-3446.18398043372,-5125.95655094091
-3448.55171951998,-5130.00746823266
-3451.47830070493,-5134.51565295686
-3454.43330356664,-5139.26979096894
-3457.59295910837,-5144.24516521513
-3458.14677701836,-5145.93682922149
-3458.93096312922,-5148.24860068648
-3460.76584823573,-5151.95576951914
-3463.2621041183,-5156.10622959101
-3465.85846063559,-5160.62524798954
-3468.41395613665,-5165.39991977876
-3471.65629468685,-5170.40550578149
-3473.67469342329,-5174.12345101243
-3476.38825196395,-5178.11649812527
-3479.19783560137,-5182.43389974855
-3482.4032728162,-5187.06997415598
-3486.09780698084,-5191.76760858315
-3489.98847954816,-5196.39310378116
-3493.72535501503,-5201.39184062099
-3497.20706005837,-5206.04258755297
-3500.5790897685,-5210.72012172122
-3504.04214854935,-5215.46030521856
-3508.11417260781,-5220.48556678149
-3512.05542128768,-5225.38962688528
-3516.20238099483,-5230.09469555998
-3520.24905003311,-5234.8815369164
-3523.4084686565,-5239.58707581972
-3526.34038399434,-5244.19557006459
-3529.25672621124,-5248.84389535338
-3532.24741038473,-5253.7716928396
-3535.402318828,-5258.43466251264
-3538.40978772801,-5263.04471749077
-3541.81339335937,-5267.70088925952
-3544.51978834749,-5272.56930261411
-3547.32886117826,-5277.1600167748
-3550.44720155823,-5281.94897529196
-3553.2055913155,-5286.74399945332
-3555.83766161754,-5291.43349105321
-3558.06587571272,-5296.15104259871
-3561.12875627733,-5300.81910685055
-3564.2046881908,-5305.43691301347
-3566.99101436763,-5310.18216220397
-3569.80523141785,-5314.86232229049
-3572.89001491929,-5319.45614558582
-3575.76767885811,-5324.01191574092
-3579.06581462813,-5328.84588297687
-3582.31693762953,-5333.4734099397
-3585.7660128152,-5338.00619087376
-3589.09051940188,-5342.78170331863
-3592.20882342263,-5347.56225266252
-3595.87493045174,-5352.28465594067
-3599.87777403635,-5357.21042351996
-3603.64609777184,-5362.12480336112
-3607.5548023967,-5366.93228885985
-3611.09763547083,-5371.81422290486
-3614.51679082657,-5376.70558709593
-3618.17852009347,-5381.4765444413
-3621.94931520759,-5385.99049892372
-3625.06423389559,-5390.7562249027
-3628.93964057785,-5395.61568808286
-3632.27684586327,-5400.38793974763
-3635.84520631264,-5405.18192914032
-3639.21819557877,-5409.92173910465
-3642.22880605755,-5414.83949089026
-3645.04071610091,-5419.58016848476
-3647.74205852763,-5424.31746923327
-3650.25675826057,-5429.05249471956
-3652.49104353354,-5433.70291395577
-3655.32350056329,-5438.2735348636
-3657.75162984551,-5442.82047824501
-3660.40378751775,-5447.75103729928
-3662.8290370121,-5452.40743869204
-3665.15537344944,-5457.1429823816
-3667.64762650954,-5461.74326232558
-3670.14947201378,-5466.4453202264
-3673.30056725935,-5471.07651032547
-3676.35212695618,-5475.81175969333
-3679.01836122989,-5480.52843673506
-3681.83798547752,-5485.25930297885
-3685.27269711787,-5490.10877660098
-3688.70389741809,-5494.80336372134
-3692.51407070755,-5499.49899166388
-3696.51584405195,-5504.25665518054
-3700.44322899162,-5508.95329722657
-3704.36988018131,-5513.85515146216
-3708.15800233452,-5518.58051804678
-3712.0205403312,-5523.42431338873
-3716.02765621714,-5528.34973631424
-3719.90894118744,-5533.07703205139
-3723.1913741058,-5537.95532962809
-3726.75446198363,-5542.82151869949
-3730.27302914911,-5547.65705008506
-3733.72763311581,-5552.4157035122
-3736.48504838811,-5557.24140400565
-3739.66531788554,-5561.9994864111
-3742.95451366214,-5566.63300379413
-3745.39675947323,-5571.49586589888
-3748.36992477173,-5576.05375392237
-3751.47160496313,-5580.75492194155
-3754.54747983981,-5585.38164478847
-3757.26419931546,-5590.1257329395
-3759.81912783812,-5594.8125645774
-3762.13209952678,-5599.54119753256
-3765.011166447,-5604.35379637601
-3767.45471525157,-5608.987593725
-3770.52499001333,-5613.60661013922
-3773.39297843701,-5618.43758522562
-3776.04638990373,-5623.36646747266
-3779.10682776398,-5628.0517914114
-3782.47891801078,-5632.78350237938
-3785.05998070186,-5637.70160779704
-3788.60107822077,-5642.36273758278
-3792.18355225628,-5647.16420764132
-3795.60580713227,-5651.89034692804
-3799.1891340203,-5656.68462029137
-3802.7191486701,-5661.16221486232
-3806.64810429453,-5665.70896976111
-3810.56635854216,-5670.62558380991
-3814.46229481658,-5675.42431609396
-3818.14836129611,-5680.26671095322
-3822.02987446145,-5685.04693568657
-3825.43126249959,-5689.89056141764
-3828.59279664774,-5694.7539472688
-3831.73388130602,-5699.45586386106
-3834.96346432675,-5704.24025037608
-3838.22330081576,-5709.10896442602
-3841.39054591567,-5713.83374439837
-3844.17887699812,-5718.61139705298
-3846.65763749805,-5723.44864587119
-3849.79786330788,-5728.21049331349
-3852.45266568849,-5732.98292184504
-3855.63403511672,-5737.75914524905
-3858.42363784159,-5742.47194943584
-3860.56483332289,-5747.276821852
-3863.33226683452,-5752.09701500636
-3866.09960696204,-5756.81231860032
-3868.48826219573,-5761.59917884386
-3871.44214180948,-5766.34265949873
-3874.37495287948,-5771.06696453709
-3877.35193143973,-5775.73642112676
-3880.50508918348,-5780.54086301478
-3883.7650578513,-5785.31470306714
-3887.0112432905,-5790.11077109138
-3890.4393961494,-5794.85632415053
-3893.96030899652,-5799.65443422798
-3897.23590269881,-5804.27686426887
-3900.61909399147,-5809.09428347549
-3904.25505775008,-5814.03280405917
-3907.97124991001,-5818.65630363385
-3911.23248267369,-5823.31526903037
-3914.55562426528,-5828.00451309558
-3918.46923199743,-5832.83239421737
-3921.97905399988,-5837.55966714917
-3925.06321791629,-5842.46615350367
-3928.72276448766,-5847.26847460323
-3931.76638122911,-5851.71522977411
-3935.32465618069,-5856.3994215882
-3938.93305104203,-5861.20211284642
-3942.10259610053,-5866.06969069462
-3945.61105747343,-5870.84458456592
-3948.5634259511,-5875.50398767025
-3951.8701916984,-5880.22347152512
-3954.81808188159,-5885.11953176206
-3957.56472761044,-5889.76669647982
-3959.87141971969,-5894.34136582972
-3963.15072862591,-5898.83749546883
-3965.80123268261,-5903.52316031916
-3968.48998483273,-5908.3789362345
-3971.45189543425,-5913.23311334134
-3973.97618769884,-5917.89108525368
-3976.59340051805,-5922.67574134666
-3979.51080978049,-5927.32229876104
-3982.46045890925,-5932.07358668092
-3985.93717566525,-5937.00208347349
-3989.4959023476,-5941.73153975935
-3993.25036751087,-5946.55043477679
-3996.76754758325,-5951.37112905204
-3999.86563235904,-5956.21300900412
-4003.7110701745,-5961.00460844216
-4007.7499469625,-5965.79958310443
-4011.52275183241,-5970.67828639572
-4015.4189849777,-5975.55011587567
-4019.44194101021,-5980.43659548033
-4023.36833152824,-5985.41557308768
-4026.68846568317,-5990.2786411983
-4030.31048367801,-5995.14159002085
-4033.08719398794,-6000.05384631965
-4036.3338213109,-6005.02101250819
-4039.83901081894,-6009.92456525345
-4043.36289293159,-6014.78470994173
-4046.36206497333,-6019.40483297379
-4049.54323923691,-6024.16812449793
-4052.18504382366,-6029.03733057784
-4054.84793979882,-6033.86483300034
-4057.51809952046,-6038.50809063316
-4060.97271111403,-6043.15596725503
-4063.2213212294,-6048.0052422773
-4065.26656018436,-6052.85536880996
-4068.27748132457,-6057.56342819461
-4070.73257407409,-6062.19674307179
-4073.21938365301,-6066.90508693763
-4076.0755215144,-6071.47456886096
-4079.2210822949,-6076.21593369833
-4082.2407435452,-6081.14397132825
-4085.41399768109,-6085.87330370596
-4088.9408521883,-6090.63463534243
-4092.4620103845,-6095.37189763333
-4095.79180127952,-6099.99807540471
-4099.41485937325,-6104.63397061172
-4103.44431115785,-6109.43192975962
-4107.47893612376,-6114.3196658276
-4110.55934296135,-6119.23461780941
-4114.73490667293,-6123.92668787185
-4118.4324805121,-6128.69721807158
-4122.35438396076,-6133.60562572717
-4125.87650798454,-6138.5275692659
-4129.95579339026,-6143.26490435402
-4133.2867782433,-6148.07916830248
-4136.75246223956,-6152.77027531209
-4140.11997975431,-6157.34739571661
-4143.14562156382,-6162.0079943377
-4146.49295384249,-6166.8143340668
-4149.5902065878,-6171.74067388851
-4152.27291862121,-6176.38094269839
-4154.9139282147,-6181.19325707591
-4157.56244003007,-6186.03808068311
-4160.21883402358,-6190.89969457361
-4163.25785480634,-6195.81243348525
-4165.65763715777,-6200.71445997033
-4168.55097023661,-6205.48503843007
-4171.16296011751,-6210.37820238312
-4174.12788900085,-6215.15681936388
-4177.23390227394,-6220.00793690014
-4180.04367343389,-6224.92316918225
-4182.96119963504,-6229.77236911742
-4185.85397657279,-6234.52602786013
-4189.22459377033,-6239.31534071512
-4193.046796406,-6244.27797432129
-4196.58023528555,-6249.14867781805
-4200.34898872605,-6253.92457472202
-4204.18805029719,-6258.81644817932
-4208.12836497566,-6263.46344213365
-4211.82764673639,-6268.28970228316
-4216.21929667343,-6273.14711207061
-4220.02964607073,-6278.00775958045
-4223.80890210974,-6282.93167630693
-4227.38192544983,-6287.80277205334
-4231.14608344659,-6292.76094694483
-4234.32427812373,-6297.44319630619
-4237.59218445056,-6302.20081045117
-4241.1802608155,-6307.02424993604
-4244.74816124882,-6311.95195083197
-4247.79605370758,-6316.76851474578
-4251.04263128276,-6321.47676522528
-4253.85678653048,-6326.19541689038
-4256.15578836696,-6331.03684655215
-4259.40666339381,-6335.68504351953
-4262.35605809645,-6340.37679257408
-4265.53935875565,-6345.11918375335
-4268.3286761262,-6350.05372448916
-4271.25449639839,-6354.82983785377
-4273.74175844748,-6359.50774165875
-4276.29931356034,-6364.29180440663
-4279.32662149252,-6369.21505540828
-4282.57096491447,-6374.20191622249
-4285.50025943295,-6379.12061082191
-4288.71858774654,-6384.06858830746
-4292.01202269549,-6388.97921515784
-4296.03138632616,-6393.87948851521
-4299.58540526505,-6398.77378248922
-4302.97202192071,-6403.57353838463
-4306.40604401727,-6408.43220979069
-4309.84559096481,-6413.18355354834
-4313.68548701817,-6418.04741524407
-4317.24515832184,-6422.91357486936
-4321.42141452843,-6427.71725540275
-4325.25245154605,-6432.63614750593
-4328.8816435992,-6437.51148167426
-4332.56429129006,-6442.40864484712
-4336.11937818079,-6447.25121773615
-4339.32837682815,-6452.02863949967
-4342.36510217781,-6456.94365520058
-4345.69229075507,-6461.93123197605
-4349.20627459859,-6466.6259264518
-4352.3832919334,-6471.33034224173
-4355.52831527904,-6476.15343728776
-4358.5241438635,-6480.95491718102
-4361.46770145924,-6485.7252858425
-4363.97377117034,-6490.49092613917
-4367.14173796431,-6495.12304417438
-4369.92777106579,-6499.85108098387
-4372.74586759743,-6504.59636882915
-4375.75600456699,-6509.32189952424
-4378.46367863505,-6513.92060554896
-4381.62817627741,-6518.71534226911
-4385.02879453622,-6523.41567303071
-4387.99067840246,-6528.20255055218
-4391.0700212944,-6532.97092804348
-4394.13875752703,-6537.71444270916
-4397.28072589083,-6542.46676120195
-4400.15541983065,-6547.12727905598
-4403.81492197003,-6551.92154320218
-4407.30952021508,-6556.59438656554
-4411.04169533036,-6561.29684947561
-4414.82742366061,-6566.06068555544
-4418.12011609987,-6570.88827143969
-4421.94135630742,-6575.64182286223
-4425.71329350931,-6580.50519566549
-4429.14416747897,-6585.50901695568
-4432.91766403618,-6590.45285499733
-4436.88169480212,-6595.20528020778
-4440.09971066753,-6599.95685226438
-4443.55147950012,-6604.62808628411
-4446.42116845306,-6609.5943979102
-4449.32572770167,-6614.34808461993
-4452.65156975041,-6619.0944680317
-4456.53752421365,-6623.78369397143
-4459.01153163396,-6628.48530249912
-4461.86671184415,-6633.36073530463
-4464.48071673478,-6638.03325533268
-4467.14282729156,-6642.76009738997
-4469.67425549796,-6647.4599925899
-4472.76349645343,-6652.36970743733
-4475.61501225555,-6657.43057632414
-4475.58226599659,-6658.6848800412
-4474.68926381244,-6658.38074213709
-4473.45496914404,-6658.84160966049
-4471.79028280784,-6659.10455170014
-4471.81475155348,-6660.1485500159
-4472.4662067152,-6662.22651641957
-4473.84839918505,-6665.06694532335
-4476.11259311879,-6668.51318621367
-4479.32217683152,-6672.5229567158
-4483.11016152288,-6676.85779665712
-4483.92314153152,-6678.34000824086
-4485.28142123907,-6680.86819946101
-4487.95331270934,-6684.36097646443
-4491.51992573535,-6688.49634006498
-4495.09656831953,-6692.66741625863
-4498.98133709574,-6697.34311597003
-4502.85138602239,-6702.20723060808
-4503.45523051708,-6703.83114927387
-4504.87422070075,-6706.51938505946
-4507.62382601518,-6710.2213986133
-4510.53359731392,-6714.29826377415
-4513.92819815265,-6718.80542753427
-4517.142888592,-6723.51777648092
-4520.76374915956,-6728.45132306833
-4521.20589114033,-6729.94734010672
-4522.09099446754,-6732.39047497233
-4524.30258802098,-6735.89737539029
-4527.03290740905,-6739.83362179498
-4529.42791179251,-6744.07387229059
-4532.68259717442,-6748.67414091534
-4536.13428198605,-6753.72227666778
-4536.80955052189,-6755.24416619027
-4537.84322528429,-6757.72247867566
-4539.83316348014,-6761.39562288016
-4542.0719834169,-6765.54749343208
-4545.30758143218,-6770.16080228707
-4548.63016440646,-6774.90261758486
-4552.2812258332,-6779.88947302014
-4553.09684633197,-6781.56885619572
-4555.21222827621,-6784.20022010239
-4557.84460089893,-6787.6705713383
-4561.14115386678,-6791.89000455821
-4564.42565405387,-6796.53249772272
-4568.48557209083,-6801.25652792246
-4572.76016636307,-6806.19676362425
-4573.22554504359,-6807.92739681052
-4574.94721980133,-6810.30863952248
-4578.04433950157,-6813.86171521602
-4581.41823759676,-6818.10326350688
-4584.99669134407,-6822.71890990493
-4588.93339861761,-6827.69907305579
-4592.67729687293,-6832.62917539295
-4594.96346303132,-6836.18360869091
-4597.92616568968,-6840.26629610962
-4601.11687215408,-6844.59197429677
-4604.06997911614,-6849.30347581343
-4606.86385094676,-6853.96529342191
-4610.2638619436,-6858.80139590689
-4612.9506310536,-6863.67709569994
-4614.81337531541,-6868.19190384365
-4617.55660266797,-6872.61764185897
-4620.30843803084,-6877.06184289631
-4623.46357331323,-6881.81985250602
-4626.43237161026,-6886.61773829934
-4629.22976928746,-6891.38034068724
-4631.54422037648,-6896.2482300894
-4634.17430230948,-6900.86027729464
-4636.88338064717,-6905.59917737095
-4640.33991225025,-6910.17081246045
-4643.9936856549,-6914.81494334534
-4647.35238254617,-6919.59331089542
-4651.20710038678,-6924.34485462468
-4654.98984612498,-6929.28120075735
-4657.85938958422,-6934.19081885214
-4661.60641192321,-6938.8816763112
-4665.43872324231,-6943.57775202295
-4668.81142984374,-6948.24578278569
-4671.94599776247,-6953.04054781591
-4675.21842435276,-6957.90640847565
-4679.23161975341,-6962.70283375026
-4683.30927670381,-6967.34939645507
-4686.91676219501,-6971.9993758328
-4690.25081356534,-6976.73889971428
-4693.51560414673,-6981.33639339463
-4696.98615545022,-6986.10342123801
-4700.39597010832,-6990.73408926939
-4703.69067003575,-6995.40690477823
-4706.94546056859,-7000.09113466281
-4710.13056555525,-7004.76195679336
-4712.86943876511,-7009.42549264728
-4715.86104470095,-7014.21129361617
-4718.48336127354,-7018.83419507864
-4721.09268028022,-7023.39845734874
-4724.75857663754,-7027.99502601111
-4727.72058354486,-7032.61633249345
-4730.3031160649,-7037.4194856298
-4732.72088207923,-7042.48423593204
-4735.32800720577,-7047.18777473511
-4738.14442705454,-7051.88866317812
-4741.05833926873,-7056.69000711519
-4744.08577046004,-7061.55547284436
-4747.07239780975,-7066.42322177427
-4749.83071718328,-7071.27824483768
-4753.16476746315,-7075.9807840995
-4756.83174001868,-7080.53418218664
-4759.90474250599,-7085.30848884583
-4763.34339344861,-7090.03334641612
-4767.15989951524,-7094.76196014136
-4770.68254750448,-7099.37516473781
-4773.90583042928,-7104.03703659247
-4777.31740134713,-7108.61556825662
-4780.92828950386,-7113.61576053191
-4784.32639339517,-7118.34735886401
-4787.68570519282,-7123.23619652453
-4791.0748487605,-7128.21516039411
-4794.63779080014,-7133.15881545584
-4797.74842469905,-7138.02084054379
-4800.79413190247,-7142.87108451617
-4803.74681475,-7147.78067728479
-4806.40182214317,-7152.66061590584
-4809.46281617118,-7157.37536572547
-4812.43269460418,-7162.1779464835
-4815.16564029421,-7166.96393897234
-4818.47006221098,-7171.68473620767
-4821.38197755164,-7176.55430203665
-4824.19374101278,-7181.23274864351
-4827.38284152244,-7185.87173341267
-4830.26596455475,-7190.54554725227
-4833.12484128239,-7195.24759456874
-4836.20968878415,-7199.83287986303
-4839.53549539431,-7204.52327841593
-4842.75082630938,-7209.19493787084
-4846.16899007714,-7213.79392677501
-4849.32633318927,-7218.27713878985
-4853.22890466643,-7222.90079080076
-4857.31308414657,-7227.78407756531
-4860.62353885957,-7232.42781357986
-4864.20911621968,-7237.12564093725
-4867.61685648844,-7242.06762218857
-4871.38740278965,-7246.86109921926
-4875.30171307881,-7251.79898243711
-4879.28986320238,-7256.68333922986
-4882.94015596222,-7261.60622916009
-4886.50041870378,-7266.57140749515
-4889.98257707293,-7271.51614316418
-4893.36390637986,-7276.61388774704
-4896.95453318084,-7281.56068646613
-4900.2169954221,-7286.52661883008
-4903.58202408237,-7291.5335763583
-4906.62989337363,-7296.48511749625
-4910.28356458662,-7301.24380844532
-4913.47595073185,-7306.09491026857
-4916.22778814295,-7310.82291701625
-4919.08451578938,-7315.4273170434
-4921.99555016434,-7320.27197471398
-4924.43684165831,-7324.9978566439
-4927.57770124724,-7329.68897828016
-4930.45089691523,-7334.52230940749
-4932.96304423319,-7339.16635470165
-4935.5568657056,-7343.87291441668
-4938.11887698836,-7348.54913058919
-4941.0557686717,-7353.12932660555
-4943.99638562087,-7357.85453383933
-4946.99322809743,-7362.55025357192
-4950.21988381621,-7367.27746735391
-4953.30824787612,-7371.71917929387
-4956.48759621554,-7376.37013123724
-4960.1598463676,-7381.11317954053
-4963.62482246423,-7385.6835904316
-4967.81105573583,-7390.50570191489
-4971.73515830834,-7395.51116540471
-4975.15320229376,-7400.43807144153
-4978.53088283165,-7405.20701170093
-4982.4155083994,-7409.91457751134
-4986.19072974532,-7414.72254244106
-4989.95239787015,-7419.60672565795
-4993.57093252377,-7424.29607434824
-4996.782596718,-7429.2202870008
-5000.26735069869,-7434.20806150781
-5003.43901642498,-7439.0182035498
-5006.69446983104,-7443.86364016101
-5009.56831775274,-7448.81724463634
-5012.77048382935,-7453.59953485017
-5016.02575217187,-7458.38008279811
-5019.17679273898,-7463.27933941638
-5021.59750767238,-7468.06874381099
-5024.10778532947,-7472.92130841914
-5026.7331558327,-7477.63130955752
-5029.5112782408,-7482.35215293723
-5032.92909502051,-7487.099679422
-5035.71309196125,-7491.78771156324
-5038.57382503484,-7496.46681421383
-5041.42479338714,-7501.11420162117
-5044.91085533559,-7505.81871788187
-5048.12807174245,-7510.84226471739
-5051.49354807674,-7515.68954153729
-5054.30871882499,-7520.30368432399
-5057.56956348531,-7525.01515692301
-5060.90813801874,-7529.85496788002
-5064.35380404424,-7534.51683847906
-5068.18112863654,-7539.18081940389
-5070.9720851455,-7543.89488330567
-5074.63825825828,-7548.59969481088
-5078.4089874945,-7553.47638687519
-5082.26480372233,-7558.38746529626
-5085.83757118511,-7563.19200949526
-5089.43082086678,-7568.02129376272
-5093.23460737285,-7572.90273068812
-5096.73613017692,-7577.74243287121
-5100.63928438883,-7582.45101280534
-5104.39603839173,-7587.40635848006
-5107.94721949803,-7592.06796763202
-5111.36047238746,-7596.99432591604
-5113.91507719055,-7601.88987252796
-5117.30268039331,-7606.71944951735
-5120.09685111251,-7611.53055783606
-5123.26398315556,-7616.49416636364
-5125.88240385681,-7621.36306301379
-5128.62493631089,-7626.30632261808
-5130.96626678403,-7631.12906207278
-5133.71380893625,-7635.87561156044
-5136.87682764132,-7640.45716790314
-5139.72022639671,-7645.1090283075
-5143.15667451712,-7649.86110615898
-5146.43355200598,-7654.58452386534
-5149.2830553549,-7659.28005090354
-5152.60443911171,-7664.03840993414
-5155.48888522923,-7668.76898448844
-5158.40810015237,-7673.55816547183
-5161.69728816723,-7678.29869407216
-5165.27910214859,-7683.01777279861
-5168.85811169335,-7687.60286127342
-5172.63695700469,-7692.33436784946
-5176.42270318847,-7697.17187754553
-5180.19583896043,-7702.12832352561
-5183.85235803992,-7706.96049935066
-5186.97198639456,-7711.65428589908
-5190.8057741802,-7716.36563993394
-5194.1836410372,-7721.33980002793
-5197.17709052096,-7726.34256195069
-5200.69609034976,-7731.02897966995
-5204.18259429266,-7735.61067746662
-5207.47494002219,-7740.50760620569
-5210.55745121658,-7745.27376837324
-5213.66312339016,-7750.20107426533
-5216.93229107268,-7755.03969320692
-5219.55864426689,-7759.69216054776
-5221.91635316397,-7764.70683636031
-5224.72708190249,-7769.48130505236
-5227.8276804531,-7774.20714694687
-5230.77517830039,-7779.14002749632
-5233.70220012619,-7783.95247020531
-5236.55479335315,-7788.74034509918
-5240.10007637219,-7793.51898871926
-5243.21776989164,-7798.33923273624
-5246.40544208911,-7803.17608204442
-5249.09337037017,-7807.87736861862
-5251.84530547242,-7812.68668000845
-5254.84980088139,-7817.38939482893
-5258.08151503437,-7822.23931489805
-5262.03439929736,-7826.99560861032
-5265.49758361976,-7831.73727543596
-5268.61949991735,-7836.31644297854
-5271.95248902926,-7841.08784954641
-5275.39242706259,-7845.81974421646
-5279.14612702112,-7850.53295394379
-5282.76920708123,-7855.28099936431
-5286.62833384202,-7859.99124825352
-5290.48818435995,-7864.73375863843
-5294.3829125995,-7869.36651002689
-5297.95661780101,-7873.91984487839
-5301.72023190309,-7878.77042312986
-5305.12808428559,-7883.60281240361
-5309.0693656077,-7888.54621417716
-5312.0860898821,-7893.236838157
-5315.1473326806,-7897.84249593443
-5318.50047136358,-7902.65431035174
-5321.7322596771,-7907.35412143856
-5325.16977320949,-7912.13126466463
-5328.05308576793,-7917.11970453382
-5330.67272175964,-7921.82450575157
-5333.50849386397,-7926.64285319395
-5336.58271552059,-7931.64873181158
-5339.55764756837,-7936.48613225655
-5342.07955302871,-7941.32846267458
-5344.7038848326,-7946.16073961468
-5348.03169717779,-7950.92943359634
-5351.00507093938,-7955.78978990272
-5353.90172347058,-7960.62786859163
-5357.25405371328,-7965.40568650196
-5360.62753061655,-7970.27444674784
-5364.16115382312,-7975.11326388689
-5367.90055312122,-7980.0283171002
-5371.65488591071,-7984.86439651104
-5375.37834771342,-7989.5867875161
-5378.64079095856,-7994.33976136901
-5382.32794956893,-7998.98543944377
-5385.53027625686,-8003.72216293761
-5388.92703554857,-8008.42993536657
-5392.14178280989,-8013.03416026263
-5395.97594759406,-8017.75955089233
-5399.43077585896,-8022.42686611437
-5402.95383178012,-8027.14438660948
-5406.34495460702,-8032.01721914751
-5409.65065970351,-8036.7023019164
-5413.00783421996,-8041.50997772521
-5416.68512227976,-8046.40597327322
-5419.84993821251,-8051.17976571865
-5423.45006214387,-8055.96358299063
-5426.7580836482,-8060.7160301475
-5429.64779131862,-8065.65182724991
-5432.49079757153,-8070.38238863199
-5435.52062488152,-8075.22204080044
-5438.84308045888,-8079.98526629988
-5441.70711215504,-8084.83275476531
-5444.44981437764,-8089.56957476002
-5447.64590387618,-8094.49946927783
-5450.77417692571,-8099.19668290289
-5453.49748228015,-8104.15371252923
-5456.76165792214,-8108.79831345473
-5460.01680608989,-8113.66193689421
-5463.17040925166,-8118.68296970379
-5466.79463646898,-8123.62566508344
-5470.06566210311,-8128.45577089858
-5473.51638379224,-8133.15007712592
-5477.1179890153,-8137.97770821742
-5480.94725029986,-8142.77464107902
-5484.26639722718,-8147.51148296423
-5488.05100235702,-8152.26407539874
-5492.0002260822,-8157.05901951039
-5495.77106681544,-8161.76538539749
-5499.24222281964,-8166.61720050348
-5503.03859692971,-8171.37216968615
-5506.5774834373,-8176.08813095299
-5510.55212976788,-8180.70713954315
-5513.97771809779,-8185.47318702847
-5517.5616435898,-8190.37188844263
-5520.87984610434,-8195.22480778404
-5523.95978652736,-8200.0647120375
-5527.17018087459,-8204.79906164682
-5530.09651392066,-8209.75698631926
-5532.82048820744,-8214.47170778024
-5535.94452132588,-8219.19769785246
-5538.9407877122,-8223.93765920852
-5541.82290292094,-8228.75756535226
-5544.507491026,-8233.58887498638
-5547.47389804862,-8238.39314550747
-5550.27953885309,-8243.00870498358
-5553.18786081371,-8247.77702434108
-5556.13742100383,-8252.72935583772
-5559.19376310572,-8257.64537642654
-5562.37468564745,-8262.6415451866
-5565.5463939163,-8267.61080124136
-5568.61176791639,-8272.39673567323
-5571.90136666224,-8277.31368587516
-5575.73957165814,-8282.16236137877
-5579.71207519784,-8286.98159454089
-5583.45208333951,-8291.91771350225
-5586.63007556494,-8296.87853441681
-5590.12426974992,-8301.65150168103
-5593.78669952313,-8306.51171920584
-5597.5553998074,-8311.26527069275
-5601.57665235057,-8316.11268263718
-5605.10905220426,-8321.11448870936
-5608.98857610442,-8325.95412348756
-5608.86122938517,-8326.91057002245
-5607.85711085673,-8327.17522339656
-5607.41038788075,-8326.85797398791
-5606.87432489152,-8327.3943837582
-5607.03165638365,-8328.72324051855
-5608.72144897415,-8331.0063930326
-5610.84262373097,-8334.26022719426
-5613.42518128227,-8337.82954639388
-5616.39492455554,-8342.01050762734
-5616.15066226265,-8343.3810328353
-5616.95225720354,-8345.47656960002
-5618.93685108577,-8348.80457189522
-5621.40129073518,-8352.76180398226
-5624.44436005351,-8357.23832586481
-5627.46772714014,-8361.99221177483
-5630.29781605143,-8366.95754865183
-5630.59089237217,-8368.67440958347
-5631.61080971093,-8371.22113390205
-5634.36293248494,-8374.7169711617
-5636.84225210844,-8378.90735593031
-5639.94584399329,-8383.68786888659
-5643.56465893513,-8388.66471827861
-5647.20071563196,-8393.44024350657
-5647.73334493199,-8395.34981883116
-5649.30194740878,-8397.92163044004
-5652.28069798008,-8401.59227588176
-5655.40354108845,-8405.82789983352
-5658.96219248642,-8410.36680320909
-5662.70308491056,-8414.99826473743
-5667.22502311429,-8419.60436223138
-5667.75290308869,-8421.08874513092
-5669.40138731065,-8423.4695780703
-5672.24074200892,-8427.09470718702
-5675.61020445497,-8431.37841464545
-5679.45284478908,-8435.8959981408
-5682.99934415828,-8440.65546966802
-5686.53149399053,-8445.45520580961
-5687.39547107502,-8447.00322134752
-5688.78602836097,-8449.59250902404
-5691.1973606477,-8453.15597027556
-5694.72891687754,-8457.53007643196
-5697.80476948133,-8462.05944120724
-5701.18738492545,-8466.76386760014
-5704.57196183677,-8471.77277000495
-5705.07179426473,-8473.29937665766
-5705.87626321893,-8475.64189127962
-5707.81448851349,-8479.30353433606
-5710.34457333727,-8483.38382546816
-5713.53501189786,-8488.05617483446
-5716.52397554633,-8492.89819188535
-5720.27602972524,-8497.76673240812
-5722.4988977396,-8501.05724535604
-5725.21657635097,-8504.76083246159
-5727.58948915585,-8508.9274688372
-5730.28772239211,-8513.58337533444
-5733.91583138629,-8518.30275184317
-5737.30056984559,-8523.14188038934
-5741.21578867292,-8528.14866406167
-5744.33858150027,-8532.61970522331
-5747.61957401111,-8537.19413770274
-5751.00407217869,-8541.88050636189
-5754.15470591402,-8546.57764813352
-5757.64167780493,-8551.38985165126
-5761.12109940627,-8556.20586376314
-5764.41635916928,-8561.13659524029
-5767.88127598687,-8565.84445946497
-5771.27931618227,-8570.51027929359
-5774.61127739457,-8575.2151852342
-5777.94402645359,-8579.92783749257
-5781.32553509108,-8584.68943983515
-5784.40981473328,-8589.37271157493
-5787.89992030369,-8593.9389342623
-5791.00366261463,-8598.53178744646
-5793.74973606855,-8603.31784949676
-5796.69876979275,-8608.02263235879
-5799.2436443978,-8612.60824241673
-5802.07663632221,-8617.23207474213
-5805.23712162466,-8622.09056683806
-5808.42956502307,-8626.78559646293
-5811.41768871482,-8631.42864390512
-5814.32000273623,-8636.15526270439
-5817.03848355573,-8640.68319359122
-5819.84324663986,-8645.44718078112
-5822.73805685413,-8650.00455729708
-5825.89107207202,-8654.6964002826
-5829.1971599633,-8659.47935578079
-5832.57371810947,-8664.19835520965
-5835.70110702358,-8668.93459320979
-5839.34632984943,-8673.4222452351
-5842.95093932215,-8678.08836767099
-5845.87552918275,-8682.8665582485
-5849.54928628554,-8687.40975325493
-5853.36178227019,-8692.27849814699
-5856.55943397702,-8697.07222933839
-5859.71421765213,-8701.70118882667
-5863.6251330605,-8706.53560150368
-5867.55943266166,-8711.47840967079
-5870.92720385408,-8716.13902663292
-5873.88959875436,-8720.68562068657
-5876.89218355005,-8725.21498838985
-5880.29994334351,-8729.93017554406
-5883.38348945333,-8734.6571098857
-5887.00524111756,-8739.35638628461
-5890.33291146379,-8744.05277583071
-5892.91548035817,-8748.72921832401
-5895.78425337678,-8753.26893762918
-5898.52739653858,-8757.89842042278
-5901.05903238152,-8762.65534393447
-5903.31985717381,-8767.54064330805
-5906.41789627211,-8772.29909270598
-5908.87041594533,-8776.96269513027
-5912.13357324916,-8781.73973759527
-5914.65002975846,-8786.56107974654
-5917.75108977697,-8791.30101630183
-5920.99585697807,-8796.2628841566
-5923.75488638767,-8800.98231104593
-5926.6899504496,-8805.76328842616
-5930.32196635349,-8810.62533044296
-5933.39525661816,-8815.44094796492
-5936.25071617823,-8820.14621669372
-5939.71966613618,-8824.81057772148
-5943.48688169084,-8829.5366344454
-5947.07565082616,-8834.28391155146
-5950.57783646675,-8839.01291582985
-5953.36511441399,-8843.77088554911
-5957.01111907405,-8848.40528138884
-5960.8340570204,-8853.17560790684
-5964.4743318708,-8858.10809954217
-5967.50409690691,-8862.63113758271
-5970.42628298485,-8867.34341946937
-5973.69854851859,-8872.01058524331
-5977.18078408665,-8876.63088790793
-5980.24034641658,-8881.50700240168
-5983.66191609459,-8886.30656441643
-5987.02524301465,-8891.06106268604
-5990.2999476737,-8895.69288388286
-5993.48878872834,-8900.32367744953
-5996.48353356068,-8905.10575414226
-5999.67262864969,-8910.02008544203
-6002.70400351392,-8914.9152743173
-6005.89664436607,-8919.75972115869
-6008.67628688944,-8924.59342581102
-6011.97879745831,-8929.17443174322
-6015.37842965702,-8933.82777084948
-6018.71250179835,-8938.58344865409
-6021.24631425952,-8943.45649974608
-6024.27539801526,-8948.28012717878
-6027.07204081949,-8953.07135455383
-6030.35675948519,-8957.98450961729
-6033.63387003243,-8962.82015650997
-6037.26701176676,-8967.37887562033
-6040.88551148002,-8971.97540511364
-6044.25536067617,-8976.67884403629
-6047.24385582712,-8981.31031900854
-6050.66622296286,-8986.03149866416
-6054.31996929902,-8990.70196420258
-6057.92866957175,-8995.40999534279
-6061.36484281985,-9000.27977251879
-6064.96723376233,-9005.06440475409
-6068.14200051623,-9009.99301522543
-6071.75905632521,-9014.82269621545
-6075.32820957718,-9019.55113730889
-6079.20611879695,-9024.21582290389
-6083.10889422772,-9028.91972336395
-6086.64403942956,-9033.67478655069
-6090.04479481297,-9038.36483741949
-6093.05654505455,-9043.26472111927
-6096.16811102305,-9048.11246349905
-6099.3064110284,-9052.96665003902
-6102.86149880571,-9057.79768251206
-6105.99824729065,-9062.68518675399
-6109.11987655638,-9067.59772634214
-6112.33265649896,-9072.49416621981
-6115.34105369813,-9077.27839978115
